asin,title,link,price,rating,ratings_total,is_prime,is_amazon_choice,is_best_seller,position,collected_at,source
B0BQPNMXQV,"JBL Vibe Beam - True Wireless JBL Deep Bass Sound Earbuds, Bluetooth 5.2, Water & Dust Resistant, Hands-Free Call with VoiceAware, Up to 32 Hours of Battery Life (Black)",https://www.amazon.com/JBL-Vibe-Beam-Wireless-Headphones/dp/B0BQPNMXQV/ref=sr_1_1?dib=eyJ2IjoiMSJ9.B3tgZc2EfQPUWJ5qVjH_nXzpk7QuTeGiwWx5kjTSxkBmM-e_BxuppQf8bTmzxPG8p9L3JI-YkZGvklKDGgIyp4e69aciF_sfFqJU0hYQAr1LhB2z5PSdP8NA9kW-YmRBbAT5vT-ChD1xNN0c1Rq-gpLJI5Oas7GSwyl7HQZAU46xoHhqgMG5eRlBNKlDRXbY8lUvuyYqn9QLN3uxDdrshjT3N8BXn61EcE-jCV1pGOs.wZssiGwwoSFwQTxtEHvucwH2OqI5Yc4WIH1UAYWe324&dib_tag=se&keywords=wireless+earbuds&qid=1774580117&sr=8-1,"{'symbol': '$', 'value': 29.94, 'raw': '$29.94'}",4.3,36211,False,False,False,1,2026-03-27T02:55:20.567663,rainforest_api
B0DN45YMP6,"JBL Vibe Beam 2 - True Wireless Noise Cancelling Earbuds with JBL Pure Bass Sound & Smart Ambient technology, 4mics for crisp, clear calls, up to 40Hrs of Playback, IP54 Dust & Water resistant (Black)",https://www.amazon.com/JBL-Vibe-Beam-Cancelling-Technology/dp/B0DN45YMP6/ref=sr_1_2?dib=eyJ2IjoiMSJ9.B3tgZc2EfQPUWJ5qVjH_nXzpk7QuTeGiwWx5kjTSxkBmM-e_BxuppQf8bTmzxPG8p9L3JI-YkZGvklKDGgIyp4e69aciF_sfFqJU0hYQAr1LhB2z5PSdP8NA9kW-YmRBbAT5vT-ChD1xNN0c1Rq-gpLJI5Oas7GSwyl7HQZAU46xoHhqgMG5eRlBNKlDRXbY8lUvuyYqn9QLN3uxDdrshjT3N8BXn61EcE-jCV1pGOs.wZssiGwwoSFwQTxtEHvucwH2OqI5Yc4WIH1UAYWe324&dib_tag=se&keywords=wireless+earbuds&qid=1774580117&sr=8-2,"{'symbol': '$', 'value': 39.94, 'raw': '$39.94'}",4.2,4060,False,False,False,2,2026-03-27T02:55:20.567672,rainforest_api
B09FT58QQP,"TOZO A1 Wireless Earbuds Bluetooth 5.3 Light Weight in Ear IPX5 Waterproof Headphones 2 Mic for AI Calls, Immersive Premium Sound Bass Headset with Charging Case, 32 Presets EQ Customization via App",https://www.amazon.com/A1/dp/B09FT58QQP/ref=sr_1_3?dib=eyJ2IjoiMSJ9.B3tgZc2EfQPUWJ5qVjH_nXzpk7QuTeGiwWx5kjTSxkBmM-e_BxuppQf8bTmzxPG8p9L3JI-YkZGvklKDGgIyp4e69aciF_sfFqJU0hYQAr1LhB2z5PSdP8NA9kW-YmRBbAT5vT-ChD1xNN0c1Rq-gpLJI5Oas7GSwyl7HQZAU46xoHhqgMG5eRlBNKlDRXbY8lUvuyYqn9QLN3uxDdrshjT3N8BXn61EcE-jCV1pGOs.wZssiGwwoSFwQTxtEHvucwH2OqI5Yc4WIH1UAYWe324&dib_tag=se&keywords=wireless+earbuds&qid=1774580117&sr=8-3,"{'symbol': '$', 'value': 13.98, 'raw': '$13.98'}",4.3,111938,False,False,False,3,2026-03-27T02:55:20.567675,rainforest_api
B0BTYCRJSS,"Soundcore by Anker P20i True Wireless Earbuds, 10mm Drivers with Big Bass, Bluetooth 5.3, 30H Long Playtime, Water-Resistant, 2 Mics for AI Clear Calls, 22 Preset EQs, Customization (Black)",https://www.amazon.com/Soundcore-Wireless-Bluetooth-Water-Resistant-Customization/dp/B0BTYCRJSS/ref=sr_1_4?dib=eyJ2IjoiMSJ9.B3tgZc2EfQPUWJ5qVjH_nXzpk7QuTeGiwWx5kjTSxkBmM-e_BxuppQf8bTmzxPG8p9L3JI-YkZGvklKDGgIyp4e69aciF_sfFqJU0hYQAr1LhB2z5PSdP8NA9kW-YmRBbAT5vT-ChD1xNN0c1Rq-gpLJI5Oas7GSwyl7HQZAU46xoHhqgMG5eRlBNKlDRXbY8lUvuyYqn9QLN3uxDdrshjT3N8BXn61EcE-jCV1pGOs.wZssiGwwoSFwQTxtEHvucwH2OqI5Yc4WIH1UAYWe324&dib_tag=se&keywords=wireless+earbuds&qid=1774580117&sr=8-4,"{'symbol': '$', 'value': 19.98, 'raw': '$19.98'}",4.4,99682,False,False,False,4,2026-03-27T02:55:20.567677,rainforest_api
B0GHTVJT6R,"Wireless Earbuds, Sports Bluetooth Headphones, 80Hrs Playtime Ear Buds with LED Power Display, Noise Canceling Headset, IPX7 Waterproof Earphones for Workout/Running(Black)",https://www.amazon.com/HAOYUYAN-Bluetooth-Headphones-Canceling-Waterproof/dp/B0GHTVJT6R/ref=sr_1_5?dib=eyJ2IjoiMSJ9.B3tgZc2EfQPUWJ5qVjH_nXzpk7QuTeGiwWx5kjTSxkBmM-e_BxuppQf8bTmzxPG8p9L3JI-YkZGvklKDGgIyp4e69aciF_sfFqJU0hYQAr1LhB2z5PSdP8NA9kW-YmRBbAT5vT-ChD1xNN0c1Rq-gpLJI5Oas7GSwyl7HQZAU46xoHhqgMG5eRlBNKlDRXbY8lUvuyYqn9QLN3uxDdrshjT3N8BXn61EcE-jCV1pGOs.wZssiGwwoSFwQTxtEHvucwH2OqI5Yc4WIH1UAYWe324&dib_tag=se&keywords=wireless+earbuds&qid=1774580117&sr=8-5,"{'symbol': '$', 'value': 22.78, 'raw': '$22.78'}",4.7,703,False,False,False,5,2026-03-27T02:55:20.567679,rainforest_api
B0CGCMS31N,"OtterBox iPhone 16e, 15, 14, & 13 Commuter Series Case - Black, Slim & Tough, Pocket-Friendly, with Port Protection",https://www.amazon.com/OtterBox-iPhone-Commuter-Case-pocket-friendly/dp/B0CGCMS31N/ref=sr_1_1?dib=eyJ2IjoiMSJ9._7YPj_JmCErV6eyBzhvBGOb20riBS4DoLJL22-QpEdGw8wSu2gXaJ6wy5RXNKStMQ1xs-Re2k8B9wSlxTzBaUhnConqgJloNS5cvvwyV7qawbjquV6dsNZykDW9CkFdtisx-BtTsSxT9bR4rG_y8ZC9tFMGxapZSXhASVIJ5xvA7PwceY74dGFjFLSyBr5gHbyU279BrAKmJFLoK3K_BHoMF_CUoS01oPudDf9amDDU.sjtcbEtgMWPfom8bp08w-ujCTFb-1Hn2ZX5B3KrxdeY&dib_tag=se&keywords=phone+case&qid=1774580122&sr=8-1,"{'symbol': '$', 'value': 24.97, 'raw': '$24.97'}",4.6,8447,False,False,False,1,2026-03-27T02:55:25.924828,rainforest_api
B0D9VS4PV7,"SUPFINE Magnetic for iPhone 14 Case & iPhone 13 Case (Compatible with MagSafe)(Military Grade Drop Protection) Translucent Matte Shockproof Phone Cover,Black",https://www.amazon.com/SUPFINE-Compatible-Protection-Translucent-Anti-Fingerprint/dp/B0D9VS4PV7/ref=sr_1_2?dib=eyJ2IjoiMSJ9._7YPj_JmCErV6eyBzhvBGOb20riBS4DoLJL22-QpEdGw8wSu2gXaJ6wy5RXNKStMQ1xs-Re2k8B9wSlxTzBaUhnConqgJloNS5cvvwyV7qawbjquV6dsNZykDW9CkFdtisx-BtTsSxT9bR4rG_y8ZC9tFMGxapZSXhASVIJ5xvA7PwceY74dGFjFLSyBr5gHbyU279BrAKmJFLoK3K_BHoMF_CUoS01oPudDf9amDDU.sjtcbEtgMWPfom8bp08w-ujCTFb-1Hn2ZX5B3KrxdeY&dib_tag=se&keywords=phone+case&qid=1774580122&sr=8-2,"{'symbol': '$', 'value': 9.99, 'raw': '$9.99'}",4.6,58334,False,False,False,2,2026-03-27T02:55:25.924836,rainforest_api
B0GDXL6HTS,"Magnetic for iPhone 13/14 Case,[Screen Protector] [Compatible with MagSafe][Military Grade Drop Protection][Heavy Duty Protection][Shockproof] 2-Layer Durable Bumper Phone Case 6.1""-Purple",https://www.amazon.com/Ratcase-Protector-Compatible-Protection-Shockproof/dp/B0GDXL6HTS/ref=sr_1_3?dib=eyJ2IjoiMSJ9._7YPj_JmCErV6eyBzhvBGOb20riBS4DoLJL22-QpEdGw8wSu2gXaJ6wy5RXNKStMQ1xs-Re2k8B9wSlxTzBaUhnConqgJloNS5cvvwyV7qawbjquV6dsNZykDW9CkFdtisx-BtTsSxT9bR4rG_y8ZC9tFMGxapZSXhASVIJ5xvA7PwceY74dGFjFLSyBr5gHbyU279BrAKmJFLoK3K_BHoMF_CUoS01oPudDf9amDDU.sjtcbEtgMWPfom8bp08w-ujCTFb-1Hn2ZX5B3KrxdeY&dib_tag=se&keywords=phone+case&qid=1774580122&sr=8-3,"{'symbol': '$', 'value': 16.99, 'raw': '$16.99'}",4.8,21,False,False,False,3,2026-03-27T02:55:25.924839,rainforest_api
B0DFH8SNK5,FNTCASE for iPhone 15 Case: for iPhone 14 Case & iPhone 13 Case [Compatible with Magsafe] Translucent Matte Magnetic Phone Cover - Military Grade Drop Protection Shockproof Protective Cases - Pink,https://www.amazon.com/FNTCASE-iPhone-15-Case-Matte/dp/B0DFH8SNK5/ref=sr_1_4?dib=eyJ2IjoiMSJ9._7YPj_JmCErV6eyBzhvBGOb20riBS4DoLJL22-QpEdGw8wSu2gXaJ6wy5RXNKStMQ1xs-Re2k8B9wSlxTzBaUhnConqgJloNS5cvvwyV7qawbjquV6dsNZykDW9CkFdtisx-BtTsSxT9bR4rG_y8ZC9tFMGxapZSXhASVIJ5xvA7PwceY74dGFjFLSyBr5gHbyU279BrAKmJFLoK3K_BHoMF_CUoS01oPudDf9amDDU.sjtcbEtgMWPfom8bp08w-ujCTFb-1Hn2ZX5B3KrxdeY&dib_tag=se&keywords=phone+case&qid=1774580122&sr=8-4,"{'symbol': '$', 'value': 8.99, 'raw': '$8.99'}",4.5,23553,False,False,False,4,2026-03-27T02:55:25.924841,rainforest_api
B0CGCMWD2N,"OtterBox iPhone 15 Pro MAX (Only) Commuter Series Case - Black, Slim & Tough, Pocket-Friendly, with Port Protection",https://www.amazon.com/OtterBox-iPhone-Only-Commuter-Case/dp/B0CGCMWD2N/ref=sr_1_5?dib=eyJ2IjoiMSJ9._7YPj_JmCErV6eyBzhvBGOb20riBS4DoLJL22-QpEdGw8wSu2gXaJ6wy5RXNKStMQ1xs-Re2k8B9wSlxTzBaUhnConqgJloNS5cvvwyV7qawbjquV6dsNZykDW9CkFdtisx-BtTsSxT9bR4rG_y8ZC9tFMGxapZSXhASVIJ5xvA7PwceY74dGFjFLSyBr5gHbyU279BrAKmJFLoK3K_BHoMF_CUoS01oPudDf9amDDU.sjtcbEtgMWPfom8bp08w-ujCTFb-1Hn2ZX5B3KrxdeY&dib_tag=se&keywords=phone+case&qid=1774580122&sr=8-5,"{'symbol': '$', 'value': 23.97, 'raw': '$23.97'}",4.6,5196,False,False,False,5,2026-03-27T02:55:25.924843,rainforest_api
B0C7BKZ883,"Adjustable Laptop Stand for Desk, Metal Foldable Laptop Riser Holder, Portable Desktop Book Stands, Ventilated Cooling Computer Notebook Stand Compatible with 10-15.6” Laptops",https://www.amazon.com/Gogoonike-Adjustable-Foldable-Ventilated-Compatible/dp/B0C7BKZ883/ref=sr_1_1?dib=eyJ2IjoiMSJ9.u-zpYWEVrx70bCNSP6VtXYoqR5cwmdYbbaF8UYFm640ihNT06AHcBFfEHNIH7I1doCEwEZNYzwNjBmP_FvOm4STGe-t7vNNMObGsTfodhwNmao5PwjczJpCyEzAaxggKBW-Coc3ne1X_2ca2IeXCV9Dj7Ygls3vfybdaGoUwEL9vFvfjVy197-0IOObscQlqBKZtI3U5B750uMso76DkGgokFAo1bCxFyTqZqSBvt9c.Yrw0OrmdBKIXGvUfMmJkv-JAn6-kKlcy4aCwR-t1SiE&dib_tag=se&keywords=laptop+stand&qid=1774580127&sr=8-1,"{'symbol': '$', 'value': 14.99, 'raw': '$14.99'}",4.6,3417,False,False,False,1,2026-03-27T02:55:30.426497,rainforest_api
B0G6KLZC6N,"Laptop Stand for Desk Aluminum Computer Riser Portable Metal Notebook Holder Printer Stand Compatible with MacBook Air, Pro, Dell, HP, Lenovo and All 10-16"" Laptops, Black",https://www.amazon.com/GleYo-Aluminum-Computer-Portable-Compatible/dp/B0G6KLZC6N/ref=sr_1_2?dib=eyJ2IjoiMSJ9.u-zpYWEVrx70bCNSP6VtXYoqR5cwmdYbbaF8UYFm640ihNT06AHcBFfEHNIH7I1doCEwEZNYzwNjBmP_FvOm4STGe-t7vNNMObGsTfodhwNmao5PwjczJpCyEzAaxggKBW-Coc3ne1X_2ca2IeXCV9Dj7Ygls3vfybdaGoUwEL9vFvfjVy197-0IOObscQlqBKZtI3U5B750uMso76DkGgokFAo1bCxFyTqZqSBvt9c.Yrw0OrmdBKIXGvUfMmJkv-JAn6-kKlcy4aCwR-t1SiE&dib_tag=se&keywords=laptop+stand&qid=1774580127&sr=8-2,"{'symbol': '$', 'value': 9.99, 'raw': '$9.99'}",4.7,725,False,False,False,2,2026-03-27T02:55:30.426504,rainforest_api
B08BRCT4JH,"BESIGN LS03 Aluminum Laptop Stand, Ergonomic Detachable Computer Stand, Notebook Riser Compatible with Air, Pro, Dell, HP, Lenovo More 10-15.6"" Laptops, Silver",https://www.amazon.com/BESIGN-Aluminum-Ergonomic-Detachable-Compatible/dp/B08BRCT4JH/ref=sr_1_3?dib=eyJ2IjoiMSJ9.u-zpYWEVrx70bCNSP6VtXYoqR5cwmdYbbaF8UYFm640ihNT06AHcBFfEHNIH7I1doCEwEZNYzwNjBmP_FvOm4STGe-t7vNNMObGsTfodhwNmao5PwjczJpCyEzAaxggKBW-Coc3ne1X_2ca2IeXCV9Dj7Ygls3vfybdaGoUwEL9vFvfjVy197-0IOObscQlqBKZtI3U5B750uMso76DkGgokFAo1bCxFyTqZqSBvt9c.Yrw0OrmdBKIXGvUfMmJkv-JAn6-kKlcy4aCwR-t1SiE&dib_tag=se&keywords=laptop+stand&qid=1774580127&sr=8-3,"{'symbol': '$', 'value': 14.99, 'raw': '$14.99'}",4.8,23190,False,False,False,3,2026-03-27T02:55:30.426507,rainforest_api
B0BLRJ4R8F,"Amazon Basics Sturdy and Portable Ergonomic Laptop Stand for Desk, Height Adjustable Riser with Ventilated Cooling, Foldable, Fits all Laptops up to 17.3 Inch, Silver, 10 x 8.7 x 6 in",https://www.amazon.com/Amazon-Basics-Portable-Adjustable-Notebook/dp/B0BLRJ4R8F/ref=sr_1_4?dib=eyJ2IjoiMSJ9.u-zpYWEVrx70bCNSP6VtXYoqR5cwmdYbbaF8UYFm640ihNT06AHcBFfEHNIH7I1doCEwEZNYzwNjBmP_FvOm4STGe-t7vNNMObGsTfodhwNmao5PwjczJpCyEzAaxggKBW-Coc3ne1X_2ca2IeXCV9Dj7Ygls3vfybdaGoUwEL9vFvfjVy197-0IOObscQlqBKZtI3U5B750uMso76DkGgokFAo1bCxFyTqZqSBvt9c.Yrw0OrmdBKIXGvUfMmJkv-JAn6-kKlcy4aCwR-t1SiE&dib_tag=se&keywords=laptop+stand&qid=1774580127&sr=8-4,"{'symbol': '$', 'value': 29.99, 'raw': '$29.99'}",4.6,3028,False,False,False,4,2026-03-27T02:55:30.426509,rainforest_api
B077B9W343,"Nulaxy Ergonomic Adjustable Laptop Stand for Desk, Dual Foldable Computer Riser with Advanced Heat-Vent, Heavy-Duty Portable Notebook Holder for Posture Correction, Compatible with Mac 10-17"" Laptops",https://www.amazon.com/Nulaxy-Ergonomic-Adjustable-Computer-Compatible/dp/B077B9W343/ref=sr_1_5?dib=eyJ2IjoiMSJ9.u-zpYWEVrx70bCNSP6VtXYoqR5cwmdYbbaF8UYFm640ihNT06AHcBFfEHNIH7I1doCEwEZNYzwNjBmP_FvOm4STGe-t7vNNMObGsTfodhwNmao5PwjczJpCyEzAaxggKBW-Coc3ne1X_2ca2IeXCV9Dj7Ygls3vfybdaGoUwEL9vFvfjVy197-0IOObscQlqBKZtI3U5B750uMso76DkGgokFAo1bCxFyTqZqSBvt9c.Yrw0OrmdBKIXGvUfMmJkv-JAn6-kKlcy4aCwR-t1SiE&dib_tag=se&keywords=laptop+stand&qid=1774580127&sr=8-5,"{'symbol': '$', 'value': 16.99, 'raw': '$16.99'}",4.8,16544,False,False,False,5,2026-03-27T02:55:30.426511,rainforest_api
